Iterations,MLUPS
0,0
1,77.77461
2,115.003685
3,138.2033
4,153.8765
5,165.10469
6,173.56544
7,180.09766
8,185.43637
9,189.19168
10,192.82552
11,195.91055
12,198.57187
13,200.9093
14,202.95885
15,204.71469
16,206.307
17,207.74043
18,209.0581
19,210.21439
20,211.27968
21,212.30263
22,213.18065
23,214.03368
24,214.82166
25,215.14977
26,215.76239
27,216.3433
28,216.93066
29,217.17426
30,217.26944
31,217.49449
32,217.74927
33,217.96542
34,218.17868
35,218.40257
36,218.59908
37,218.78368
38,218.95346
39,219.14937
40,219.31744
41,219.47899
42,219.61624
43,219.76028
44,219.88994
45,217.90582
46,217.8484
47,218.08337
48,218.38599
49,218.68839
50,218.89287
51,219.17703
52,219.4363
53,219.69966
54,219.96156
55,220.20105
56,220.41818
57,220.65419
58,220.87996
59,221.04594
60,221.11356
61,221.17659
62,221.25687
63,221.33418
64,221.40166
65,221.48093
66,221.53104
67,221.255
68,221.13995
69,221.30614
70,221.43275
71,221.37929
72,221.43741
73,221.49971
74,221.54701
75,221.58586
76,221.63908
77,221.68904
78,221.73462
79,221.79237
80,221.85399
81,221.91261
82,221.96617
83,222.01556
84,222.06667
85,222.10135
86,222.14331
87,222.18883
88,222.22783
89,222.21313
90,222.23528
91,222.35902
92,222.4231
93,222.53847
94,222.65215
95,222.76064
96,222.8746
97,222.99757
98,223.1039
99,223.21617
100,223.32782
101,223.38943
102,223.4896
103,223.58315
104,223.68674
105,223.78114
106,223.8808
107,223.9807
108,224.0774
109,224.16252
110,224.25403
111,224.2709
112,224.24881
113,224.27795
114,224.35773
115,224.43942
116,224.52664
117,224.60297
118,224.67833
119,224.74675
120,224.79839
121,224.88057
122,224.95082
123,225.01497
124,225.07738
125,225.15071
126,225.22409
127,225.28813
128,225.35556
129,225.41667
130,225.47617
131,225.5438
132,225.6064
133,225.59596
134,225.5495
135,225.5435
136,225.53627
137,225.53503
138,225.53624
139,225.53479
140,225.5327
141,225.53722
142,225.54211
143,225.53915
144,225.54529
145,225.54381
146,225.5481
147,225.54897
148,225.5475
149,225.55585
150,225.55977
151,225.56464
152,225.5721
153,225.58496
154,225.58757
155,225.3927
156,225.4152
157,225.45815
158,225.49544
159,225.5452
160,225.59665
161,225.35371
162,225.4049
163,225.45354
164,225.51242
165,225.56364
166,225.61314
167,225.65929
168,225.70767
169,225.75847
170,225.80334
171,225.8534
172,225.90013
173,225.94566
174,225.99158
175,226.032
176,226.05316
177,226.09897
178,226.10112
179,226.1399
180,226.18031
181,226.22823
182,226.27155
183,226.31456
184,226.20528
185,226.24513
186,226.28221
187,226.32025
188,226.35788
189,226.39793
190,226.43823
191,226.47621
192,226.51228
193,226.5527
194,226.58952
195,226.62935
196,226.6678
197,226.67833
198,226.66785
199,226.65956
200,226.61838
201,226.61711
202,226.64812
203,226.67912
204,226.71048
205,226.7507
206,226.78476
207,226.80971
208,226.83578
209,226.87302
210,226.9083
211,226.938
212,226.97546
213,227.00917
214,227.04366
215,227.0788
216,227.10915
217,227.14095
218,227.17256
219,227.19963
220,227.22806
221,227.22626
222,227.24548
223,227.27458
224,227.30312
225,227.33662
226,227.3651
227,227.37692
228,227.36552
229,227.35863
230,227.34798
231,227.33672
232,227.3329
233,227.33128
234,227.32753
235,227.31816
236,227.31262
237,227.30486
238,227.29822
239,227.27596
240,227.26869
241,227.2623
242,227.23018
243,227.24162
244,227.26682
245,227.27095
246,227.26646
247,227.26265
248,227.25583
249,227.25298
250,227.24976
251,227.24295
252,227.23682
253,227.2342
254,227.23361
255,227.2272
256,227.22296
257,227.21347
258,227.20891
259,227.20161
260,227.18118
261,227.17728
262,227.17404
263,227.16724
264,227.08855
265,227.0751
266,227.07347
267,227.06325
268,227.05617
269,227.0531
270,227.04933
271,227.04193
272,226.91064
273,226.9085
274,226.90797
275,226.90657
276,226.88977
277,226.68716
278,226.67923
279,226.67393
280,226.656
281,226.65584
282,226.65135
283,226.64778
284,226.64455
285,226.64455
286,226.60991
287,226.62282
288,226.64694
289,226.67099
290,226.69514
291,226.7204
292,226.74644
293,226.76099
294,226.75525
295,226.75401
296,226.75183
297,226.74577
298,226.74088
299,226.74045
300,226.68472
301,226.64873
302,226.64487
303,226.64363
304,226.64258
305,226.63898
306,226.6389
307,226.63226
308,226.65042
309,226.6709
310,226.69489
311,226.71498
312,226.73698
313,226.75993
314,226.78436
315,226.80634
316,226.82777
317,226.84917
318,226.87067
319,226.89279
320,226.91714
321,226.93939
322,226.94627
323,226.9687
324,226.9942
325,227.0174
326,227.03564
327,227.05812
328,227.0462
329,227.0614
330,227.08275
331,227.10185
332,227.12086
333,227.14014
334,227.16174
335,227.17833
336,227.19775
337,227.22058
338,227.24069
339,227.25975
340,227.27805
341,227.29698
342,227.317
343,227.33728
344,227.35332
345,227.37184
346,227.38878
347,227.30145
348,227.31938
349,227.33841
350,227.35985
351,227.3648
352,227.38167
353,227.39967
354,227.42128
355,227.43942
356,227.45749
357,227.47989
358,227.49712
359,227.4636
360,227.37064
361,227.37726
362,227.38455
363,227.39433
364,227.36887
365,227.36513
366,227.37555
367,227.38422
368,227.39859
369,227.41791
370,227.4351
371,227.44868
372,227.46628
373,227.44978
374,227.46468
375,227.482
376,227.49866
377,227.49745
378,227.49246
379,227.48776
380,227.48148
381,227.47676
382,227.4763
383,227.47305
384,227.46991
385,227.45702
386,227.45456
387,227.45018
388,227.44637
389,227.44331
390,227.43849
391,227.43437
392,227.43195
393,227.42969
394,227.4267
395,227.39348
396,227.4032
397,227.41919
398,227.43413
399,227.44812
400,227.46512
401,227.46747
402,227.46619
403,227.46094
404,227.45898
405,227.45775
406,227.44232
407,227.43866
408,227.43686
409,227.4302
410,227.42435
411,227.42305
412,227.41838
413,227.41313
414,227.409
415,227.40584
416,227.38832
417,227.39651
418,227.40643
419,227.41873
420,227.43106
421,227.44601
422,227.46167
423,227.4755
424,227.49002
425,227.5053
426,227.52016
427,227.5337
428,227.54979
429,227.56366
430,227.57751
431,227.58893
432,227.60626
433,227.6103
434,227.6088
435,227.60564
436,227.60129
437,227.59714
438,227.57497
439,227.57405
440,227.57703
441,227.5901
442,227.60439
443,227.6177
444,227.63094
445,227.64351
446,227.65721
447,227.66966
448,227.64934
449,227.64406
450,227.63959
451,227.63406
452,227.62543
453,227.62221
454,227.619
455,227.6162
456,227.61238
457,227.61047
458,227.6047
459,227.59792
460,227.59274
461,227.5727
462,227.56758
463,227.48695
464,227.46815
465,227.47646
466,227.47209
467,227.46666
468,227.46307
469,227.44359
470,227.43571
471,227.43008
472,227.4248
473,227.42105
474,227.41682
475,227.41252
476,227.40851
477,227.39532
478,227.39235
479,227.39828
480,227.40703
481,227.41576
482,227.41127
483,227.41281
484,227.14491
485,226.72635
486,226.43713
487,226.18723
488,225.94028
489,225.69897
490,225.459
491,225.22519
492,224.99731
493,224.77312
494,224.54234
495,224.31886
496,224.24693
497,224.26137
498,224.25728
499,224.26915
500,224.25723
501,224.18544
502,224.15723
503,223.93727
504,223.852
505,223.80139
506,223.76328
507,223.7628
508,223.77597
509,223.79185
510,223.80565
511,223.82338
512,223.84334
513,223.86203
514,223.88339
515,223.90361
516,223.92313
517,223.92531
518,223.92891
519,223.88985
520,223.90279
521,223.9199
522,223.93805
523,223.9331
524,223.944
525,223.95538
526,223.93541
527,223.95123
528,223.96791
529,223.98663
530,224.00313
531,224.02028
532,224.04013
533,224.0591
534,224.07861
535,224.0975
536,224.11714
537,224.13521
538,224.15327
539,224.15796
540,224.13908
541,224.15286
542,224.16942
543,224.1856
544,224.18996
545,224.19199
546,224.19568
547,224.17488
548,224.14497
549,224.09413
550,224.10954
551,224.1117
552,224.11438
553,224.11786
554,224.12097
555,224.12231
556,224.12311
557,224.1271
558,224.12912
559,224.13132
560,224.12251
561,224.13324
562,224.14915
563,224.16489
564,224.17302
565,224.18875
566,224.20453
567,224.2175
568,224.23506
569,224.24498
570,224.20757
571,224.18266
572,224.19609
573,224.19652
574,224.1978
575,224.19821
576,224.20055
577,224.20265
578,224.20576
579,224.2093
580,224.21185
581,224.1827
582,224.19374
583,224.20891
584,224.22403
585,224.21542
586,224.2171
587,224.22058
588,224.22194
589,224.22392
590,224.22484
591,224.22636
592,224.2291
593,224.2289
594,224.19443
595,224.19524
596,224.19691
597,224.1998
598,224.20313
599,224.20572
600,224.20863
601,224.20042
602,224.20335
603,224.1952
604,224.20755
605,224.22177
606,224.21364
607,224.21504
608,224.21759
609,224.22005
610,224.2223
611,224.2234
612,224.22446
613,224.22798
614,224.22948
615,224.23128
616,224.1843
617,224.15955
618,224.17157
619,224.17308
620,224.17673
621,224.17833
622,224.17891
623,224.18109
624,224.18529
625,224.1713
626,224.1742
627,224.18668
628,224.18993
629,224.19234
630,224.1952
631,224.19844
632,224.19936
633,224.14836
634,224.14864
635,224.15082
636,224.15364
637,224.15518
638,224.15477
639,224.10187
640,224.10033
641,224.10135
642,224.10147
643,224.1034
644,224.1055
645,224.10713
646,224.0868
647,224.09033
648,224.10152
649,224.11475
650,224.1297
651,224.14243
652,224.15428
653,224.1675
654,224.16986
655,224.17126
656,224.17278
657,224.17342
658,224.17628
659,224.17767
660,224.17975
661,224.17801
662,224.158
663,224.15793
664,224.15935
665,224.16222
666,224.16425
667,224.15666
668,224.14935
669,224.15799
670,224.17
671,224.18256
672,224.19649
673,224.21031
674,224.21196
675,224.21379
676,224.21799
677,224.2203
678,224.22295
679,224.22542
680,224.2273
681,224.22955
682,224.23134
683,224.2348
684,224.23766
685,224.23898
686,224.24174
687,224.2446
688,224.23944
689,224.242
690,224.24503
691,224.24747
692,224.25816
693,224.27048
694,224.2833
695,224.29631
696,224.30896
697,224.32166
698,224.33458
699,224.3476
700,224.3611
701,224.36588
702,224.37659
703,224.3886
704,224.40227
705,224.41608
706,224.42894
707,224.44252
708,224.457
709,224.46309
710,224.47543
711,224.48923
712,224.50139
713,224.49263
714,224.50073
715,224.5131
716,224.52289
717,224.52489
718,224.52797
719,224.52925
720,224.53075
721,224.53354
722,224.53476
723,224.53543
724,224.53783
725,224.54175
726,224.54356
727,224.5459
728,224.54848
729,224.55142
730,224.5467
731,224.54712
732,224.55042
733,224.55342
734,224.55571
735,224.53975
736,224.53888
737,224.54106
738,224.54292
739,224.54475
740,224.54633
741,224.54803
742,224.54988
743,224.5493
744,224.55156
745,224.5469
746,224.57036
747,224.57115
748,224.57349
749,224.57555
750,224.56853
751,224.56886
752,224.57013
753,224.57059
754,224.5262
755,224.52835
756,224.53021
757,224.52254
758,224.52998
759,224.54079
760,224.55211
761,224.56339
762,224.57497
763,224.58716
764,224.59923
765,224.61253
766,224.62483
767,224.63626
768,224.64758
769,224.66057
770,224.6727
771,224.67722
772,224.6886
773,224.70058
774,224.70198
775,224.70497
776,224.7074
777,224.70924
778,224.70967
779,224.71112
780,224.7069
781,224.71548
782,224.7271
783,224.73839
784,224.74918
785,224.76012
786,224.76132
787,224.7622
788,224.76355
789,224.76346
790,224.76483
791,224.76495
792,224.75906
793,224.76028
794,224.76259
795,224.76358
796,224.76567
797,224.76819
798,224.77013
799,224.77032
800,224.77116
801,224.76743
802,224.75784
803,224.76672
804,224.77872
805,224.78954
806,224.79999
807,224.81097
808,224.822
809,224.83305
810,224.84401
811,224.85573
812,224.86586
813,224.86156
814,224.86377
815,224.86586
816,224.86653
817,224.8674
818,224.8694
819,224.871
820,224.87254
821,224.87416
822,224.87604
823,224.76851
824,224.7681
825,224.76735
826,224.76814
827,224.76768
828,224.7675
829,224.76808
830,224.76965
831,224.77109
832,224.77213
833,224.76773
834,224.76852
835,224.76785
836,224.7686
837,224.76999
838,224.77176
839,224.77286
840,224.77446
841,224.7769
842,224.7782
843,224.77902
844,224.77542
845,224.77321
846,224.75813
847,224.75845
848,224.75902
849,224.76033
850,224.7612
851,224.76219
852,224.76451
853,224.76591
854,224.76135
855,224.76247
856,224.76498
857,224.76595
858,224.76735
859,224.76901
860,224.77127
861,224.77245
862,224.77325
863,224.7751
864,224.77623
865,224.77788
866,224.77226
867,224.77673
868,224.78452
869,224.76534
870,224.73466
871,224.74316
872,224.75226
873,224.76158
874,224.77156
875,224.78035
876,224.79088
877,224.80139
878,224.8105
879,224.82034
880,224.83076
881,224.84053
882,224.85086
883,224.861
884,224.87123
885,224.88138
886,224.89143
887,224.90102
888,224.91096
889,224.90482
890,224.91219
891,224.92215
892,224.93199
893,224.93141
894,224.93065
895,224.9317
896,224.92607
897,224.92665
898,224.92702
899,224.92725
900,224.92805
901,224.92426
902,224.92134
903,224.93942
904,224.94006
905,224.9416
906,224.94312
907,224.94374
908,224.94562
909,224.94672
910,224.94809
911,224.9381
912,224.9375
913,224.93752
914,224.93785
915,224.9383
916,224.93459
917,224.93584
918,224.93701
919,224.93773
920,224.9383
921,224.94026
922,224.9408
923,224.94104
924,224.94232
925,224.94405
926,224.9453
927,224.94661
928,224.94826
929,224.94962
930,224.95062
931,224.95184
932,224.95427
933,224.94989
934,224.95607
935,224.9657
936,224.9747
937,224.9786
938,224.9874
939,224.99742
940,225.00688
941,225.01515
942,225.02531
943,225.03471
944,225.04317
945,225.05354
946,225.06317
947,225.07263
948,225.08301
949,225.08401
950,225.08403
951,225.0847
952,225.08658
953,225.08752
954,225.08784
955,225.0816
956,225.08514
957,225.08643
958,225.08202
959,225.08144
960,225.08241
961,225.0821
962,225.00409
963,225.00395
964,225.00485
965,225.00613
966,225.00705
967,225.00795
968,225.0096
969,225.01059
970,225.01138
971,225.0128
972,225.0139
973,225.01468
974,225.01505
975,225.01674
976,225.01779
977,225.01231
978,225.00539
979,225.0057
980,225.00674
981,225.00752
982,225.00916
983,225.01021
984,224.96332
985,224.96458
986,224.9659
987,224.96667
988,224.96803
989,224.9686
990,224.9701
991,224.9713
992,224.97275
993,224.9741
994,224.9755
995,224.9768
996,224.9777
997,224.97931
998,224.98062
999,224.97345
1000,224.97993
1001,224.98358
1002,224.98454
1003,224.98497
1004,224.98523
1005,224.98572
1006,224.98672
1007,224.97153
1008,224.97192
1009,224.9732
1010,224.97377
1011,224.97403
1012,224.97572
1013,224.97574
1014,224.97606
1015,224.97646
1016,224.978
1017,224.97913
1018,224.97955
1019,224.98032
1020,224.97676
1021,224.96234
1022,224.9675
1023,224.97446
1024,224.98251
1025,224.99014
1026,224.99803
1027,225.00696
1028,225.01512
1029,225.0237
1030,225.03223
1031,225.04002
1032,225.04839
1033,225.05777
1034,225.06615
1035,225.07428
1036,225.08284
1037,225.09082
1038,225.09862
1039,225.10622
1040,225.11417
1041,225.11714
1042,225.12465
1043,225.13292
1044,225.1371
1045,225.14464
1046,225.15236
1047,225.16132
1048,225.16916
1049,225.17717
1050,225.18576
1051,225.19368
1052,225.20143
1053,225.21042
1054,225.21832
1055,225.22589
1056,225.2337
1057,225.24232
1058,225.24986
1059,225.2544
1060,225.2565
1061,225.25714
1062,225.25249
1063,225.25333
1064,225.25467
1065,225.2551
1066,225.2168
1067,225.21994
1068,225.22018
1069,225.22055
1070,225.22018
1071,225.21886
1072,225.21825
1073,225.21751
1074,225.18402
1075,225.18335
1076,225.18306
1077,225.16663
1078,225.16678
1079,225.1673
1080,225.16875
1081,225.16893
1082,225.1644
1083,225.16524
1084,225.16536
1085,225.16531
1086,225.1647
1087,225.16617
1088,225.16206
1089,225.16788
1090,225.1741
1091,225.18199
1092,225.18929
1093,225.19693
1094,225.20503
1095,225.21217
1096,225.21912
1097,225.22792
1098,225.23576
1099,225.24255
1100,225.23576
1101,225.23909
1102,225.24628
1103,225.24889
1104,225.25604
1105,225.26392
1106,225.2708
1107,225.27829
1108,225.28651
1109,225.29376
1110,225.2928
1111,225.29825
1112,225.30511
1113,225.31245
1114,225.32014
1115,225.32817
1116,225.33519
1117,225.3425
1118,225.35011
1119,225.35716
1120,225.36432
1121,225.37277
1122,225.38007
1123,225.3858
1124,225.32841
1125,225.33589
1126,225.3425
1127,225.34972
1128,225.35732
1129,225.36508
1130,225.3725
1131,225.37971
1132,225.38747
1133,225.38731
1134,225.39398
1135,225.40121
1136,225.40837
1137,225.41615
1138,225.4234
1139,225.43129
1140,225.43823
1141,225.44574
1142,225.45383
1143,225.46045
1144,225.46736
1145,225.47449
1146,225.48006
1147,225.47311
1148,225.47968
1149,225.48676
1150,225.49332
1151,225.49997
1152,225.5078
1153,225.51498
1154,225.52245
1155,225.52448
1156,225.52534
1157,225.53006
1158,225.53589
1159,225.54285
1160,225.54886
1161,225.55557
1162,225.52487
1163,225.53087
1164,225.53676
1165,225.54318
1166,225.5496
1167,225.55559
1168,225.56213
1169,225.56856
1170,225.57472
1171,225.57967
1172,225.57121
1173,225.57239
1174,225.5725
1175,225.57268
1176,225.57184
1177,225.57126
1178,225.55498
1179,225.55331
1180,225.55339
1181,225.55351
1182,225.55347
1183,225.55745
1184,225.5632
1185,225.56973
1186,225.57462
1187,225.56949
1188,225.57033
1189,225.57016
1190,225.5697
1191,225.56964
1192,225.57062
1193,225.5694
1194,225.54877
1195,225.54816
1196,225.54802
1197,225.54834
1198,225.54791
1199,225.54831
1200,225.54607
1201,225.54594
1202,225.55121
1203,225.55782
1204,225.56424
1205,225.57031
1206,225.57666
1207,225.5827
1208,225.58287
1209,225.58937
1210,225.59566
1211,225.6025
1212,225.60884
1213,225.61566
1214,225.61856
1215,225.63206
1216,225.63148
1217,225.6359
1218,225.64183
1219,225.64803
1220,225.65477
1221,225.66084
1222,225.66046
1223,225.66478
1224,225.67082
1225,225.67673
1226,225.682
1227,225.6889
1228,225.69539
1229,225.69775
1230,225.70384
1231,225.70964
1232,225.70963
1233,225.71024
1234,225.71083
1235,225.71033
1236,225.71004
1237,225.71004
1238,225.71048
1239,225.71024
1240,225.69093
1241,225.6914
1242,225.6906
1243,225.68988
1244,225.67982
1245,225.68039
1246,225.68503
1247,225.68555
1248,225.6857
1249,225.68668
1250,225.6851
1251,225.68436
1252,225.68489
1253,225.68456
1254,225.68398
1255,225.68314
1256,225.68376
1257,225.68378
1258,225.68414
1259,225.68463
1260,225.68483
1261,225.6849
1262,225.68329
1263,225.63612
1264,225.60992
1265,225.60977
1266,225.60056
1267,225.60292
1268,225.60861
1269,225.61446
1270,225.61635
1271,225.622
1272,225.6279
1273,225.63391
1274,225.63977
1275,225.64636
1276,225.64658
1277,225.64615
1278,225.64703
1279,225.6475
1280,225.64757
1281,225.64687
1282,225.64763
1283,225.64783
1284,225.64807
1285,225.64172
1286,225.62622
1287,225.6254
1288,225.61996
1289,225.62296
1290,225.6281
1291,225.63356
1292,225.63542
1293,225.64168
1294,225.64742
1295,225.65308
1296,225.65948
1297,225.66588
1298,225.66582
1299,225.66481
1300,225.66505
1301,225.66055
1302,225.66212
1303,225.66743
1304,225.66785
1305,225.6678
1306,225.66818
1307,225.66861
1308,225.66838
1309,225.65166
1310,225.65475
1311,225.66026
1312,225.66528
1313,225.6673
1314,225.67326
1315,225.67921
1316,225.68495
1317,225.6909
1318,225.69142
1319,225.69083
1320,225.69083
1321,225.6911
1322,225.69156
1323,225.69107
1324,225.69092
1325,225.6914
1326,225.69121
1327,225.69064
1328,225.69003
1329,225.69041
1330,225.69058
1331,225.68166
1332,225.67406
1333,225.6745
1334,225.67085
1335,225.6709
1336,225.67094
1337,225.67111
1338,225.67041
1339,225.67012
1340,225.67067
1341,225.67072
1342,225.67084
1343,225.67027
1344,225.67105
1345,225.67142
1346,225.67145
1347,225.6719
1348,225.67206
1349,225.67226
1350,225.67207
1351,225.67233
1352,225.67232
1353,225.66618
1354,225.65564
1355,225.63176
1356,225.63647
1357,225.64078
1358,225.64594
1359,225.65219
1360,225.65746
1361,225.66273
1362,225.6621
1363,225.66183
1364,225.66127
1365,225.66116
1366,225.66089
1367,225.65985
1368,225.65906
1369,225.65933
1370,225.6593
1371,225.65591
1372,225.66066
1373,225.66098
1374,225.66092
1375,225.65433
1376,225.65714
1377,225.65654
1378,225.64963
1379,225.61858
1380,225.62347
1381,225.62936
1382,225.6348
1383,225.64009
1384,225.64558
1385,225.65129
1386,225.65704
1387,225.65672
1388,225.65652
1389,225.65671
1390,225.65706
1391,225.6568
1392,225.65675
1393,225.65681
1394,225.65695
1395,225.65778
1396,225.65367
1397,225.6252
1398,225.62753
1399,225.63216
1400,225.63565
1401,225.6235
1402,225.6288
1403,225.63483
1404,225.64009
1405,225.64557
1406,225.65169
1407,225.65681
1408,225.65652
1409,225.65619
1410,225.65675
1411,225.6568
1412,225.6562
1413,225.65701
1414,225.65735
1415,225.6573
1416,225.65254
1417,225.65234
1418,225.65161
1419,225.64737
1420,225.65022
1421,225.65599
1422,225.66132
1423,225.6659
1424,225.65422
1425,225.6543
1426,225.65436
1427,225.65363
1428,225.65364
1429,225.65346
1430,225.65346
1431,225.65305
1432,225.6533
1433,225.65346
1434,225.65367
1435,225.65382
1436,225.65448
1437,225.65141
1438,225.65071
1439,225.651
1440,225.65108
1441,225.64253
1442,225.64484
1443,225.64496
1444,225.64458
1445,225.64471
1446,225.64471
1447,225.63113
1448,225.63066
1449,225.63028
1450,225.63092
1451,225.63141
1452,225.63206
1453,225.63211
1454,225.63266
1455,225.63274
1456,225.63283
1457,225.63057
1458,225.62965
1459,225.62936
1460,225.62944
1461,225.6294
1462,225.63033
1463,225.62474
1464,225.6284
1465,225.63368
1466,225.63869
1467,225.64333
1468,225.6476
1469,225.60951
1470,225.60109
1471,225.60558
1472,225.61069
1473,225.61655
1474,225.62216
1475,225.6273
1476,225.63283
1477,225.63737
1478,225.63893
1479,225.64455
1480,225.65012
1481,225.65561
1482,225.65991
1483,225.66573
1484,225.67152
1485,225.672
1486,225.67528
1487,225.6804
1488,225.68593
1489,225.69139
1490,225.69713
1491,225.70241
1492,225.70444
1493,225.70065
1494,225.70532
1495,225.71027
1496,225.71512
1497,225.72063
1498,225.72629
1499,225.72871
1500,225.73389
1501,225.7355
1502,225.7412
1503,225.74634
1504,225.75122
1505,225.75638
1506,225.76198
1507,225.76768
1508,225.7666
1509,225.76923
1510,225.7685
1511,225.76814
1512,225.7677
1513,225.76753
1514,225.7681
1515,225.76761
1516,225.75604
1517,225.75536
1518,225.7549
1519,225.75438
1520,225.75151
1521,225.7517
1522,225.7517
1523,225.75139
1524,225.75133
1525,225.75162
1526,225.75122
1527,225.75124
1528,225.74763
1529,225.74733
1530,225.73805
1531,225.74141
1532,225.74132
1533,225.74113
1534,225.74146
1535,225.74129
1536,225.74167
1537,225.74133
1538,225.74075
1539,225.71536
1540,225.68462
1541,225.6843
1542,225.68425
1543,225.68407
1544,225.68361
1545,225.68387
1546,225.68349
1547,225.68335
1548,225.68442
1549,225.68427
1550,225.68369
1551,225.68048
1552,225.68137
1553,225.68597
1554,225.69063
1555,225.69545
1556,225.70035
1557,225.70529
1558,225.71071
1559,225.71608
1560,225.72095
1561,225.7205
1562,225.70425
1563,225.70926
1564,225.71423
1565,225.7189
1566,225.7247
1567,225.72983
1568,225.73497
1569,225.74002
1570,225.74478
1571,225.74974
1572,225.75517
1573,225.75412
1574,225.75906
1575,225.76408
1576,225.76947
1577,225.77415
1578,225.77934
1579,225.78436
1580,225.7887
1581,225.79402
1582,225.79965
1583,225.80392
1584,225.80879
1585,225.79842
1586,225.80275
1587,225.8078
1588,225.8082
1589,225.80798
1590,225.8079
1591,225.80766
1592,225.80775
1593,225.8081
1594,225.80835
1595,225.80334
1596,225.80666
1597,225.81113
1598,225.81584
1599,225.81989
1600,225.82477
1601,225.82582
1602,225.83086
1603,225.83264
1604,225.83685
1605,225.84152
1606,225.84557
1607,225.84483
1608,225.84373
1609,225.83154
1610,225.83101
1611,225.83128
1612,225.83118
1613,225.83044
1614,225.83032
1615,225.8304
1616,225.83026
1617,225.82597
1618,225.82883
1619,225.83284
1620,225.83388
1621,225.83377
1622,225.83427
1623,225.83427
1624,225.83199
1625,225.83215
1626,225.83246
1627,225.83246
1628,225.8325
1629,225.83249
1630,225.83192
1631,225.83095
1632,225.81488
1633,225.81503
1634,225.81459
1635,225.81442
1636,225.81453
1637,225.8144
1638,225.81438
1639,225.78142
1640,225.7001
1641,225.62291
1642,225.54565
1643,225.46355
1644,225.3871
1645,225.31094
1646,225.23962
1647,225.24083
1648,225.24495
1649,225.24861
1650,225.24052
1651,225.2112
1652,225.21632
1653,225.22113
1654,225.2263
1655,225.23204
1656,225.2373
1657,225.23654
1658,225.24097
1659,225.24623
1660,225.25107
1661,225.2529
1662,225.25818
1663,225.2637
1664,225.2691
1665,225.27429
1666,225.28023
1667,225.28561
1668,225.29085
1669,225.29622
1670,225.30113
1671,225.3059
1672,225.31078
1673,225.31549
1674,225.30975
1675,225.31439
1676,225.3198
1677,225.32501
1678,225.3305
1679,225.3359
1680,225.3342
1681,225.33873
1682,225.34332
1683,225.34491
1684,225.3518
1685,225.35686
1686,225.36238
1687,225.36726
1688,225.3723
1689,225.3776
1690,225.38237
1691,225.38698
1692,225.39192
1693,225.3973
1694,225.40219
1695,225.40721
1696,225.41223
1697,225.4049
1698,225.40935
1699,225.41455
1700,225.41953
1701,225.4209
1702,225.42068
1703,225.42397
1704,225.42552
1705,225.4304
1706,225.4355
1707,225.44052
1708,225.44499
1709,225.44955
1710,225.45477
1711,225.45921
1712,225.46402
1713,225.46408
1714,225.46391
1715,225.46364
1716,225.46396
1717,225.46461
1718,225.46384
1719,225.46356
1720,225.4631
1721,225.45157
1722,225.45152
1723,225.4515
1724,225.45197
1725,225.45274
1726,225.45645
1727,225.46074
1728,225.46568
1729,225.4703
1730,225.47493
1731,225.47545
1732,225.47554
1733,225.47047
1734,225.47177
1735,225.4732
1736,225.47705
1737,225.48022
1738,225.47583
1739,225.4795
1740,225.47954
1741,225.4796
1742,225.47998
1743,225.47903
1744,225.46967
1745,225.46632
1746,225.46649
1747,225.46419
1748,225.46542
1749,225.46965
1750,225.47472
1751,225.47878
1752,225.48335
1753,225.48792
1754,225.49211
1755,225.49637
1756,225.50127
1757,225.5057
1758,225.5107
1759,225.51563
1760,225.52055
1761,225.52519
1762,225.52943
1763,225.53424
1764,225.53854
1765,225.54318
1766,225.54814
1767,225.51334
1768,225.50401
1769,225.49435
1770,225.49747
1771,225.50179
1772,225.50589
1773,225.51035
1774,225.51541
1775,225.52026
1776,225.52454
1777,225.52919
1778,225.53445
1779,225.53894
1780,225.54381
1781,225.5486
1782,225.55238
1783,225.5567
1784,225.5614
1785,225.56674
1786,225.57162
1787,225.57352
1788,225.57822
1789,225.5801
1790,225.57385
1791,225.57816
1792,225.57861
1793,225.57819
1794,225.57834
1795,225.57861
1796,225.57816
1797,225.57855
1798,225.5775
1799,225.57715
1800,225.57689
1801,225.5734
1802,225.57343
1803,225.57385
1804,225.57408
1805,225.57436
1806,225.57495
1807,225.57506
1808,225.57225
1809,225.57231
1810,225.57216
1811,225.5722
1812,225.57184
1813,225.56221
1814,225.55995
1815,225.56343
1816,225.56686
1817,225.57086
1818,225.57452
1819,225.57857
1820,225.58275
1821,225.55484
1822,225.55823
1823,225.5626
1824,225.56755
1825,225.5726
1826,225.57713
1827,225.58156
1828,225.58678
1829,225.58842
1830,225.5885
1831,225.58884
1832,225.58897
1833,225.58904
1834,225.58914
1835,225.58937
1836,225.57196
1837,225.57536
1838,225.57948
1839,225.58417
1840,225.58684
1841,225.59216
1842,225.59662
1843,225.60081
1844,225.60535
1845,225.60979
1846,225.61423
1847,225.6186
1848,225.62332
1849,225.62807
1850,225.6298
1851,225.63374
1852,225.63795
1853,225.64276
1854,225.64685
1855,225.65178
1856,225.6562
1857,225.66054
1858,225.65808
1859,225.65732
1860,225.64482
1861,225.64847
1862,225.65192
1863,225.65642
1864,225.66022
1865,225.66486
1866,225.6689
1867,225.6732
1868,225.67734
1869,225.68222
1870,225.68349
1871,225.67961
1872,225.67938
1873,225.67924
1874,225.6789
1875,225.67921
1876,225.68117
1877,225.68538
1878,225.68938
1879,225.69325
1880,225.6972
1881,225.69675
1882,225.70042
1883,225.6893
1884,225.68933
1885,225.68951
1886,225.6901
1887,225.69005
1888,225.69019
1889,225.69052
1890,225.69072
1891,225.69104
1892,225.68805
1893,225.68817
1894,225.68834
1895,225.68872
1896,225.68864
1897,225.68884
1898,225.6894
1899,225.68935
1900,225.68947
1901,225.68663
1902,225.6868
1903,225.68436
1904,225.6879
1905,225.68916
1906,225.68002
1907,225.6796
1908,225.6796
1909,225.67975
1910,225.68001
1911,225.68001
1912,225.67747
1913,225.67784
1914,225.67804
1915,225.67833
1916,225.67879
1917,225.67964
1918,225.67989
1919,225.67976
1920,225.6799
1921,225.67969
1922,225.67961
1923,225.67964
1924,225.6802
1925,225.68027
1926,225.6836
1927,225.68755
1928,225.69122
1929,225.67892
1930,225.68248
1931,225.68658
1932,225.69038
1933,225.69151
1934,225.69551
1935,225.69945
1936,225.70338
1937,225.70737
1938,225.71233
1939,225.71635
1940,225.72041
1941,225.7245
1942,225.72751
1943,225.73166
1944,225.7356
1945,225.7404
1946,225.74461
1947,225.74153
1948,225.74365
1949,225.748
1950,225.75156
1951,225.75496
1952,225.72949
1953,225.72551
1954,225.72688
1955,225.73029
1956,225.7336
1957,225.73776
1958,225.74171
1959,225.746
1960,225.74986
1961,225.75366
1962,225.75415
1963,225.7539
1964,225.75435
1965,225.75444
1966,225.75504
1967,225.7553
1968,225.75494
1969,225.74129
1970,225.67824
1971,225.61746
1972,225.58685
1973,225.58255
1974,225.57372
1975,225.573
1976,225.5728
1977,225.57278
1978,225.57318
1979,225.57307
1980,225.57283
1981,225.57298
1982,225.57277
1983,225.5725
1984,225.57239
1985,225.57274
1986,225.57295
1987,225.5728
1988,225.5728
1989,225.57251
1990,225.57034
1991,225.57324
1992,225.57751
1993,225.58151
1994,225.5827
1995,225.58601
1996,225.5891
1997,225.58136
1998,225.585
1999,225.58943
2000,225.59384
2001,225.5946
2002,225.59842
2003,225.60211
2004,225.60583
2005,225.60956
2006,225.61394
2007,225.61852
2008,225.62221
2009,225.62679
2010,225.6308
2011,225.63467
2012,225.63264
2013,225.63101
2014,225.63051
2015,225.6277
2016,225.62782
2017,225.62805
2018,225.62828
2019,225.62814
2020,225.6195
2021,225.61957
2022,225.61934
2023,225.61902
2024,225.61916
2025,225.61972
2026,225.61966
2027,225.61942
2028,225.61957
2029,225.61981
2030,225.62015
2031,225.61993
2032,225.6204
2033,225.62029
2034,225.60307
2035,225.56378
2036,225.5198
2037,225.47694
2038,225.46564
2039,225.46883
2040,225.47238
2041,225.47548
2042,225.47174
2043,225.47534
2044,225.47862
2045,225.48236
2046,225.48674
2047,225.48647
2048,225.4863
2049,225.48645
2050,225.48665
2051,225.48648
2052,225.48668
2053,225.48705
2054,225.48683
2055,225.48196
2056,225.48419
2057,225.48819
2058,225.49199
2059,225.4957
2060,225.49995
2061,225.50397
2062,225.50775
2063,225.5112
2064,225.51416
2065,225.488
2066,225.48192
2067,225.48529
2068,225.48969
2069,225.48988
2070,225.48991
2071,225.49042
2072,225.49069
2073,225.49065
2074,225.4906
2075,225.49129
2076,225.48901
2077,225.48589
2078,225.48824
2079,225.492
2080,225.49588
2081,225.4998
2082,225.50388
2083,225.50728
2084,225.51082
2085,225.51556
2086,225.51584
2087,225.51556
2088,225.5079
2089,225.5081
2090,225.50854
2091,225.50874
2092,225.50883
2093,225.5094
2094,225.50963
2095,225.50972
2096,225.50998
2097,225.50986
2098,225.5101
2099,225.50664
2100,225.50851
2101,225.50894
2102,225.51253
2103,225.51604
2104,225.51929
2105,225.523
2106,225.52713
2107,225.53117
2108,225.5352
2109,225.5393
2110,225.54314
2111,225.5361
2112,225.53957
2113,225.53938
2114,225.53915
2115,225.53818
2116,225.53882
2117,225.53731
2118,225.53712
2119,225.53745
2120,225.5377
2121,225.53839
2122,225.53879
2123,225.54182
2124,225.54466
2125,225.54814
2126,225.55202
2127,225.55577
2128,225.55626
2129,225.55675
2130,225.55682
2131,225.5573
2132,225.5575
2133,225.55771
2134,225.54935
2135,225.54889
2136,225.54918
2137,225.54932
2138,225.54724
2139,225.54689
2140,225.5474
2141,225.54773
2142,225.5477
2143,225.54791
2144,225.5417
2145,225.54456
2146,225.54485
2147,225.54497
2148,225.5452
2149,225.54561
2150,225.54594
2151,225.54642
2152,225.54562
2153,225.54622
2154,225.54622
2155,225.54637
2156,225.54651
2157,225.53964
2158,225.53984
2159,225.53773
2160,225.53786
2161,225.53802
2162,225.53876
2163,225.53874
2164,225.53867
2165,225.5388
2166,225.53929
2167,225.53897
2168,225.53922
2169,225.53992
2170,225.54028
2171,225.54045
2172,225.54099
2173,225.54086
2174,225.54091
2175,225.54115
2176,225.54176
2177,225.54227
2178,225.54256
2179,225.54042
2180,225.5162
2181,225.50833
2182,225.50829
2183,225.50827
2184,225.50853
2185,225.50896
2186,225.50943
2187,225.50565
2188,225.50769
2189,225.51085
2190,225.51099
2191,225.51097
2192,225.51062
2193,225.5129
2194,225.51306
2195,225.51381
2196,225.51418
2197,225.51456
2198,225.51495
2199,225.5153
2200,225.513
2201,225.51096
2202,225.51007
2203,225.50122
2204,225.50146
2205,225.50188
2206,225.50237
2207,225.50249
2208,225.50269
2209,225.49928
2210,225.50072
2211,225.50412
2212,225.50726
2213,225.51024
2214,225.51414
2215,225.51756
2216,225.52069
2217,225.50932
2218,225.51266
2219,225.51614
2220,225.51779
2221,225.52162
2222,225.52515
2223,225.5287
2224,225.53305
2225,225.5365
2226,225.5267
2227,225.52797
2228,225.53133
2229,225.53497
2230,225.53836
2231,225.54192
2232,225.5408
2233,225.54402
2234,225.54753
2235,225.55049
2236,225.55383
2237,225.55751
2238,225.55788
2239,225.55774
2240,225.55786
2241,225.55772
2242,225.5579
2243,225.55795
2244,225.55795
2245,225.5581
2246,225.55818
2247,225.55832
2248,225.55836
2249,225.55148
2250,225.55156
2251,225.55159
2252,225.53639
2253,225.5366
2254,225.53497
2255,225.53792
2256,225.5406
2257,225.54437
2258,225.54791
2259,225.55135
2260,225.5551
2261,225.55882
2262,225.5602
2263,225.56375
2264,225.5675
2265,225.57101
2266,225.5738
2267,225.57407
2268,225.57439
2269,225.57483
2270,225.57506
2271,225.57527
2272,225.5689
2273,225.56921
2274,225.56993
2275,225.57016
2276,225.56598
2277,225.56793
2278,225.57161
2279,225.57523
2280,225.57861
2281,225.58282
2282,225.58603
2283,225.58699
2284,225.5906
2285,225.5941
2286,225.59756
2287,225.6008
2288,225.60478
2289,225.60835
2290,225.61185
2291,225.61578
2292,225.61969
2293,225.62337
2294,225.62706
2295,225.63092
2296,225.63416
2297,225.63779
2298,225.64214
2299,225.63739
2300,225.64043
2301,225.64172
2302,225.64531
2303,225.64867
2304,225.65033
2305,225.65381
2306,225.65706
2307,225.66037
2308,225.66261
2309,225.6671
2310,225.67091
2311,225.67455
2312,225.67818
2313,225.6819
2314,225.6856
2315,225.68958
2316,225.69283
2317,225.69673
2318,225.70015
2319,225.70331
2320,225.70676
2321,225.7053
2322,225.70634
2323,225.70934
2324,225.71274
2325,225.71591
2326,225.71558
2327,225.71867
2328,225.72264
2329,225.72295
2330,225.72311
2331,225.72285
2332,225.723
2333,225.72324
2334,225.7233
2335,225.72336
2336,225.7236
2337,225.72356
2338,225.72357
2339,225.72348
2340,225.72406
2341,225.72418
2342,225.72426
2343,225.72449
2344,225.72298
2345,225.7262
2346,225.72731
2347,225.73038
2348,225.73346
2349,225.73674
2350,225.74051
2351,225.7436
2352,225.7469
2353,225.75032
2354,225.75401
2355,225.7571
2356,225.76012
2357,225.76387
2358,225.76729
2359,225.7704
2360,225.774
2361,225.77774
2362,225.78123
2363,225.78525
2364,225.7887
2365,225.79176
2366,225.75761
2367,225.75793
2368,225.76132
2369,225.76114
2370,225.76122
2371,225.7615
2372,225.76205
2373,225.76222
2374,225.76231
2375,225.76257
2376,225.76218
2377,225.76234
2378,225.76276
2379,225.7628
2380,225.76283
2381,225.76312
2382,225.76355
2383,225.76376
2384,225.76385
2385,225.7638
2386,225.76396
2387,225.76424
2388,225.75887
2389,225.75468
2390,225.7578
2391,225.76114
2392,225.76474
2393,225.76828
2394,225.77176
2395,225.77498
2396,225.77856
2397,225.78171
2398,225.78525
2399,225.78867
2400,225.79247
2401,225.79424
2402,225.79741
2403,225.80113
2404,225.80449
2405,225.80759
2406,225.81131
2407,225.81485
2408,225.81834
2409,225.8198
2410,225.82329
2411,225.8184
2412,225.82103
2413,225.82405
2414,225.82707
2415,225.83003
2416,225.83333
2417,225.83676
2418,225.83968
2419,225.8426
2420,225.84612
2421,225.84929
2422,225.85222
2423,225.85512
2424,225.85841
2425,225.86165
2426,225.8651
2427,225.86877
2428,225.87212
2429,225.87535
2430,225.87839
2431,225.87938
2432,225.87985
2433,225.87949
2434,225.87793
2435,225.88051
2436,225.88272
2437,225.88295
2438,225.88274
2439,225.88249
2440,225.88208
2441,225.88213
2442,225.8821
2443,225.88182
2444,225.88235
2445,225.88254
2446,225.8826
2447,225.88263
2448,225.88316
2449,225.88332
2450,225.88301
2451,225.88054
2452,225.88054
2453,225.88028
2454,225.8802
2455,225.88043
2456,225.88094
2457,225.88351
2458,225.88634
2459,225.88168
2460,225.88435
2461,225.8874
2462,225.89091
2463,225.894
2464,225.89702
2465,225.89874
2466,225.90009
2467,225.9032
2468,225.90614
2469,225.90968
2470,225.91272
2471,225.91579
2472,225.91878
2473,225.92133
2474,225.92429
2475,225.92725
2476,225.9309
2477,225.9341
2478,225.934
2479,225.93652
2480,225.93678
2481,225.93686
2482,225.93642
2483,225.93593
2484,225.9358
2485,225.93587
2486,225.93564
2487,225.93561
2488,225.9353
2489,225.93526
2490,225.93558
2491,225.93585
2492,225.93561
2493,225.93379
2494,225.93373
2495,225.93327
2496,225.93336
2497,225.93332
2498,225.93338
2499,225.93338
2500,225.93065
2501,225.9311
2502,225.93399
2503,225.93675
2504,225.93968
2505,225.94261
2506,225.94557
2507,225.9482
2508,225.95107
2509,225.9541
2510,225.95709
2511,225.96034
2512,225.9636
2513,225.96684
2514,225.96782
2515,225.97073
2516,225.9735
2517,225.97656
2518,225.97949
2519,225.98238
2520,225.98567
2521,225.9888
2522,225.9917
2523,225.99014
2524,225.99251
2525,225.99574
2526,225.99883
2527,226.00153
2528,226.00444
2529,226.00781
2530,226.01105
2531,226.01375
2532,226.01717
2533,226.02008
2534,226.02339
2535,226.02618
2536,226.02705
2537,226.02983
2538,226.03302
2539,226.03612
2540,226.03903
2541,226.04202
2542,226.04514
2543,226.04813
2544,226.04807
2545,226.04898
2546,226.05157
2547,226.05423
2548,226.05724
2549,226.06052
2550,226.06357
2551,226.0636
2552,226.06375
2553,226.06395
2554,226.06395
2555,226.06396
2556,226.06416
2557,226.06152
2558,226.06111
2559,226.06113
2560,226.06136
2561,226.0613
2562,226.0613
2563,226.06119
2564,226.06146
2565,226.06154
2566,226.06136
2567,226.06026
2568,226.06236
2569,226.06476
2570,226.06743
2571,226.07018
2572,226.07118
2573,226.07117
2574,226.07129
2575,226.07092
2576,226.0594
2577,226.05783
2578,226.05692
2579,226.05669
2580,226.05661
2581,226.05684
2582,226.05684
2583,226.05673
2584,226.05608
2585,226.05615
2586,226.05585
2587,226.05539
2588,226.05396
2589,226.05214
2590,226.05455
2591,226.05705
2592,226.06006
2593,226.06291
2594,226.06284
2595,226.06268
2596,226.06265
2597,226.06233
2598,226.06161
2599,226.05313
2600,226.05293
2601,226.0511
2602,226.05074
2603,226.05112
2604,226.05107
2605,226.05083
2606,226.05048
2607,226.05048
2608,226.05016
2609,226.04997
2610,226.04996
2611,226.04865
2612,226.05116
2613,226.05363
2614,226.0566
2615,226.05945
2616,226.05937
2617,226.05931
2618,226.03625
2619,226.0358
2620,226.03558
2621,226.03566
2622,226.03505
2623,226.03513
2624,226.03506
2625,226.0354
2626,226.03554
2627,226.03503
2628,226.035
2629,226.03539
2630,226.0355
2631,226.03522
2632,226.02916
2633,226.02922
2634,226.0313
2635,226.03339
2636,226.03305
2637,226.03258
2638,226.03278
2639,226.03073
2640,226.03069
2641,226.03075
2642,226.03055
2643,226.03053
2644,226.03073
2645,226.03035
2646,226.0298
2647,226.02945
2648,226.02953
2649,226.02914
2650,226.02908
2651,226.02914
2652,226.0292
2653,226.02916
2654,226.02635
2655,226.02748
2656,226.03004
2657,226.03258
2658,226.03554
2659,226.0384
2660,226.03813
2661,226.03778
2662,226.03783
2663,226.03741
2664,226.03748
2665,226.03743
2666,226.03726
2667,226.03702
2668,226.03683
2669,226.037
2670,226.03717
2671,226.03699
2672,226.03706
2673,226.03706
2674,226.03674
2675,226.03679
2676,226.03699
2677,226.03648
2678,226.03864
2679,226.04121
2680,226.04427
2681,226.04524
2682,226.04779
2683,226.04788
2684,226.04788
2685,226.04796
2686,226.04796
2687,226.04796
2688,226.04805
2689,226.04823
2690,226.04837
2691,226.04828
2692,226.04817
2693,226.04819
2694,226.04851
2695,226.04868
2696,226.04866
2697,226.04898
2698,226.04941
2699,226.04788
2700,226.04985
2701,226.05069
2702,226.05013
2703,226.0498
2704,226.04977
2705,226.05
2706,226.04962
2707,226.0494
2708,226.04909
2709,226.0489
2710,226.04878
2711,226.04887
2712,226.04907
2713,226.0494
2714,226.04948
2715,226.04935
2716,226.0494
2717,226.04935
2718,226.04942
2719,226.04932
2720,226.04924
2721,226.04762
2722,226.04779
2723,226.0505
2724,226.05316
2725,226.05573
2726,226.0586
2727,226.06161
2728,226.0644
2729,226.06448
2730,226.0644
2731,226.06424
2732,226.06432
2733,226.06433
2734,226.06456
2735,226.0645
2736,226.0646
2737,226.06491
2738,226.06483
2739,226.06453
2740,226.06421
2741,226.06439
2742,226.0613
2743,226.06146
2744,226.06393
2745,226.06673
2746,226.06943
2747,226.0717
2748,226.0745
2749,226.07472
2750,226.07445
2751,226.07423
2752,226.0745
2753,226.07422
2754,226.07426
2755,226.07477
2756,226.07486
2757,226.07516
2758,226.07515
2759,226.07494
2760,226.06387
2761,226.06364
2762,226.06345
2763,226.06317
2764,226.06024
2765,226.0622
2766,226.06519
2767,226.06802
2768,226.07072
2769,226.07338
2770,226.07576
2771,226.07855
2772,226.08101
2773,226.08394
2774,226.0867
2775,226.08942
2776,226.09256
2777,226.09448
2778,226.10307
2779,226.10582
2780,226.10886
2781,226.11127
2782,226.11378
2783,226.11668
2784,226.11928
2785,226.11984
2786,226.12267
2787,226.12376
2788,226.12643
2789,226.12857
2790,226.13124
2791,226.13396
2792,226.13634
2793,226.1394
2794,226.14223
2795,226.14488
2796,226.14786
2797,226.15077
2798,226.15341
2799,226.15578
2800,226.15854
2801,226.15991
2802,226.16234
2803,226.16508
2804,226.168
2805,226.17067
2806,226.17313
2807,226.17418
2808,226.17664
2809,226.17667
2810,226.17854
2811,226.18083
2812,226.1834
2813,226.18564
2814,226.18884
2815,226.19147
2816,226.1941
2817,226.19716
2818,226.19969
2819,226.20218
2820,226.20454
2821,226.20735
2822,226.20985
2823,226.21292
2824,226.21458
2825,226.21458
2826,226.2144
2827,226.21425
2828,226.21222
2829,226.21217
2830,226.21165
2831,226.21173
2832,226.20772
2833,226.20961
2834,226.21188
2835,226.21466
2836,226.21721
2837,226.2195
2838,226.2222
2839,226.2247
2840,226.22694
2841,226.22949
2842,226.23213
2843,226.23477
2844,226.23769
2845,226.24048
2846,226.24335
2847,226.24591
2848,226.24849
2849,226.2491
2850,226.25136
2851,226.25418
2852,226.2568
2853,226.25961
2854,226.2623
2855,226.26248
2856,226.26474
2857,226.2673
2858,226.27
2859,226.27228
2860,226.27457
2861,226.27696
2862,226.27966
2863,226.28223
2864,226.28511
2865,226.28786
2866,226.2904
2867,226.2931
2868,226.29584
2869,226.29831
2870,226.29962
2871,226.30232
2872,226.3051
2873,226.30762
2874,226.31024
2875,226.3132
2876,226.31589
2877,226.3156
2878,226.30898
2879,226.311
2880,226.31335
2881,226.31587
2882,226.3187
2883,226.32124
2884,226.32376
2885,226.32645
2886,226.32889
2887,226.33128
2888,226.3342
2889,226.33704
2890,226.33963
2891,226.34071
2892,226.34329
2893,226.34595
2894,226.34856
2895,226.35133
2896,226.35382
2897,226.35612
2898,226.35864
2899,226.36143
2900,226.3542
2901,226.35434
2902,226.35657
2903,226.35884
2904,226.36119
2905,226.3638
2906,226.36638
2907,226.36867
2908,226.37099
2909,226.37376
2910,226.37611
2911,226.37837
2912,226.38103
2913,226.38167
2914,226.38397
2915,226.38655
2916,226.38893
2917,226.39127
2918,226.39354
2919,226.39595
2920,226.39807
2921,226.40048
2922,226.40297
2923,226.40176
2924,226.40367
2925,226.40048
2926,226.40294
2927,226.40509
2928,226.40762
2929,226.41
2930,226.41254
2931,226.41524
2932,226.41731
2933,226.41942
2934,226.41904
2935,226.42671
2936,226.42937
2937,226.4318
2938,226.43428
2939,226.43657
2940,226.43927
2941,226.44157
2942,226.44402
2943,226.44649
2944,226.44624
2945,226.4436
2946,226.44467
2947,226.44652
2948,226.44849
2949,226.4366
2950,226.439
2951,226.44121
2952,226.44353
2953,226.4459
2954,226.4484
2955,226.44891
2956,226.4512
2957,226.45111
2958,226.451
2959,226.4509
2960,226.45044
2961,226.45032
2962,226.44983
2963,226.4494
2964,226.44939
2965,226.44928
2966,226.44897
2967,226.44673
2968,226.44759
2969,226.44965
2970,226.45193
2971,226.45453
2972,226.45183
2973,226.45433
2974,226.45659
2975,226.45909
2976,226.45995
2977,226.46227
2978,226.46495
2979,226.46722
2980,226.46982
2981,226.46947
2982,226.46898
2983,226.46849
2984,226.46825
2985,226.46825
2986,226.46791
2987,226.46773
2988,226.46744
2989,226.46751
2990,226.46516
2991,226.46698
2992,226.4692
2993,226.47157
2994,226.47395
2995,226.47627
2996,226.4789
2997,226.47957
2998,226.48186
2999,226.48439
3000,226.48674
3001,226.48744
3002,226.48935
3003,226.49214
3004,226.49464
3005,226.49696
3006,226.49976
3007,226.50218
3008,226.50479
3009,226.50739
3010,226.50969
3011,226.51225
3012,226.51486
3013,226.51563
3014,226.51772
3015,226.52008
3016,226.5223
3017,226.52492
3018,226.52528
3019,226.52766
3020,226.5302
3021,226.53262
3022,226.5348
3023,226.53711
3024,226.5396
3025,226.54173
3026,226.54425
3027,226.54674
3028,226.54677
3029,226.54678
3030,226.54674
3031,226.54628
3032,226.54578
3033,226.54602
3034,226.5458
3035,226.54298
3036,226.54462
3037,226.54681
3038,226.54907
3039,226.54979
3040,226.55202
3041,226.55365
3042,226.54234
3043,226.54446
3044,226.54704
3045,226.54948
3046,226.5521
3047,226.55455
3048,226.55737
3049,226.55962
3050,226.56215
3051,226.56468
3052,226.56679
3053,226.5688
3054,226.57135
3055,226.57346
3056,226.57558
3057,226.57814
3058,226.57558
3059,226.5775
3060,226.5783
3061,226.58075
3062,226.5821
3063,226.5843
3064,226.58682
3065,226.58917
3066,226.58615
3067,226.5881
3068,226.59076
3069,226.59323
3070,226.59552
3071,226.59789
3072,226.60008
3073,226.60255
3074,226.60521
3075,226.60498
3076,226.60455
3077,226.60426
3078,226.60426
3079,226.60393
3080,226.60156
3081,226.60144
3082,226.60304
3083,226.6048
3084,226.60712
3085,226.60948
3086,226.61082
3087,226.61275
3088,226.61108
3089,226.60938
3090,226.61073
3091,226.61156
3092,226.61304
3093,226.61523
3094,226.61742
3095,226.61954
3096,226.622
3097,226.62439
3098,226.62671
3099,226.62901
3100,226.63121
3101,226.63173
3102,226.63435
3103,226.63234
3104,226.63432
3105,226.6366
3106,226.63904
3107,226.64122
3108,226.64357
3109,226.64612
3110,226.64816
3111,226.65038
3112,226.65291
3113,226.65306
3114,226.65268
3115,226.65228
3116,226.65231
3117,226.652
3118,226.65161
3119,226.65112
3120,226.65112
3121,226.65085
3122,226.6505
3123,226.6504
3124,226.64984
3125,226.64648
3126,226.6471
3127,226.64888
3128,226.65083
3129,226.65224
3130,226.6496
3131,226.64864
3132,226.64807
3133,226.64774
3134,226.64763
3135,226.64734
3136,226.6471
3137,226.64648
3138,226.64629
3139,226.64578
3140,226.64551
3141,226.64526
3142,226.64528
3143,226.64487
3144,226.64293
3145,226.64264
3146,226.64223
3147,226.63486
3148,226.63367
3149,226.6332
3150,226.63274
3151,226.63237
3152,226.63187
3153,226.63142
3154,226.63113
3155,226.63077
3156,226.63054
3157,226.63055
3158,226.63025
3159,226.61238
3160,226.61224
3161,226.61237
3162,226.61227
3163,226.61215
3164,226.61179
3165,226.61131
3166,226.61105
3167,226.61087
3168,226.61061
3169,226.60922
3170,226.61098
3171,226.61307
3172,226.61536
3173,226.61737
3174,226.61902
3175,226.61882
3176,226.61871
3177,226.61847
3178,226.61827
3179,226.61824
3180,226.61798
3181,226.61475
3182,226.61018
3183,226.60986
3184,226.60939
3185,226.60742
3186,226.60728
3187,226.60706
3188,226.60669
3189,226.6033
3190,226.6041
3191,226.60583
3192,226.60774
3193,226.60747
3194,226.60748
3195,226.60732
3196,226.60718
3197,226.60724
3198,226.60712
3199,226.60683
3200,226.60654
3201,226.60518
3202,226.60495
3203,226.60457
3204,226.6042
3205,226.60422
3206,226.6026
3207,226.60242
3208,226.60228
3209,226.602
3210,226.60194
3211,226.59843
3212,226.59903
3213,226.60063
3214,226.60252
3215,226.60503
3216,226.60757
3217,226.60953
3218,226.61186
3219,226.61436
3220,226.61653
3221,226.61858
3222,226.62071
3223,226.62262
3224,226.62463
3225,226.62697
3226,226.62956
3227,226.63007
3228,226.63199
3229,226.63467
3230,226.63689
3231,226.63893
3232,226.64148
3233,226.62978
3234,226.63123
3235,226.63304
3236,226.63528
3237,226.63727
3238,226.63936
3239,226.64178
3240,226.64436
3241,226.64656
3242,226.64877
3243,226.6511
3244,226.65308
3245,226.65524
3246,226.65643
3247,226.66167
3248,226.66183
3249,226.66422
3250,226.66672
3251,226.66902
3252,226.67136
3253,226.67357
3254,226.67575
3255,226.6754
3256,226.67601
3257,226.67793
3258,226.68007
3259,226.68262
3260,226.68515
3261,226.68735
3262,226.68974
3263,226.69197
3264,226.69394
3265,226.696
3266,226.69829
3267,226.70073
3268,226.70305
3269,226.70549
3270,226.70747
3271,226.70976
3272,226.71217
3273,226.71437
3274,226.7155
3275,226.71513
3276,226.71523
3277,226.71515
3278,226.71191
3279,226.71303
3280,226.71527
3281,226.71736
3282,226.71956
3283,226.72194
3284,226.72406
3285,226.72641
3286,226.7287
3287,226.73097
3288,226.73344
3289,226.73567
3290,226.7381
3291,226.73883
3292,226.74097
3293,226.7433
3294,226.74573
3295,226.74782
3296,226.74976
3297,226.75198
3298,226.75165
3299,226.72821
3300,226.72002
3301,226.71944
3302,226.72139
3303,226.72328
3304,226.72293
3305,226.723
3306,226.72263
3307,226.72243
3308,226.72217
3309,226.72183
3310,226.72177
3311,226.71999
3312,226.71962
3313,226.71928
3314,226.71877
3315,226.71823
3316,226.71988
3317,226.72173
3318,226.72157
3319,226.72162
3320,226.72156
3321,226.72104
3322,226.71869
3323,226.71928
3324,226.72078
3325,226.72285
3326,226.72284
3327,226.72258
3328,226.72246
3329,226.72235
3330,226.7222
3331,226.72197
3332,226.7203
3333,226.71948
3334,226.7193
3335,226.71895
3336,226.7189
3337,226.71896
3338,226.7189
3339,226.71881
3340,226.71854
3341,226.71846
3342,226.71776
3343,226.71742
3344,226.71567
3345,226.71614
3346,226.71794
3347,226.7199
3348,226.72212
3349,226.72412
3350,226.72615
3351,226.72809
3352,226.73004
3353,226.7307
3354,226.73274
3355,226.73502
3356,226.73477
3357,226.73456
3358,226.73451
3359,226.73447
3360,226.7343
3361,226.73395
3362,226.73386
3363,226.7336
3364,226.73338
3365,226.73311
3366,226.733
3367,226.7292
3368,226.7303
3369,226.73235
3370,226.73396
3371,226.73595
3372,226.73784
3373,226.74025
3374,226.7407
3375,226.74028
3376,226.74014
3377,226.74031
3378,226.73987
3379,226.7394
3380,226.73943
3381,226.73924
3382,226.73889
3383,226.73859
3384,226.73857
3385,226.73834
3386,226.73798
3387,226.73761
3388,226.73743
3389,226.73415
3390,226.73476
3391,226.73634
3392,226.73795
3393,226.73999
3394,226.74217
3395,226.74307
3396,226.74481
3397,226.7468
3398,226.74895
3399,226.75093
3400,226.75305
3401,226.754
3402,226.75581
3403,226.7567
3404,226.76083
3405,226.76288
3406,226.76448
3407,226.76646
3408,226.7686
3409,226.77051
3410,226.77255
3411,226.77432
3412,226.77379
3413,226.77573
3414,226.77673
3415,226.76404
3416,226.76439
3417,226.76636
3418,226.76854
3419,226.77066
3420,226.77274
3421,226.77455
3422,226.7743
3423,226.77385
3424,226.77359
3425,226.77347
3426,226.77327
3427,226.77295
3428,226.77254
3429,226.77245
3430,226.77205
3431,226.77162
3432,226.76889
3433,226.76952
3434,226.77112
3435,226.77272
3436,226.77458
3437,226.77632
3438,226.7691
3439,226.76869
3440,226.76868
3441,226.76846
3442,226.7682
3443,226.768
3444,226.76785
3445,226.76756
3446,226.76698
3447,226.76697
3448,226.76683
3449,226.76654
3450,226.76645
3451,226.76636
3452,226.76617
3453,226.76604
3454,226.76428
3455,226.76402
3456,226.76494
3457,226.76503
3458,226.76631
3459,226.76805
3460,226.76964
3461,226.77136
3462,226.77316
3463,226.77316
3464,226.7721
3465,226.76979
3466,226.76863
3467,226.76273
3468,226.76193
3469,226.7617
3470,226.76164
3471,226.76138
3472,226.7612
3473,226.76105
3474,226.76079
3475,226.7603
3476,226.76009
3477,226.75975
3478,226.7582
3479,226.75757
3480,226.75748
3481,226.75873
3482,226.76006
3483,226.76132
3484,226.76315
3485,226.76494
3486,226.76668
3487,226.76878
3488,226.77052
3489,226.77263
3490,226.77423
3491,226.7738
3492,226.77338
3493,226.77303
3494,226.77295
3495,226.77237
3496,226.77216
3497,226.772
3498,226.77184
3499,226.76909
3500,226.77057
3501,226.77075
3502,226.77278
3503,226.77463
3504,226.77634
3505,226.7784
3506,226.77995
3507,226.78175
3508,226.78404
3509,226.78613
3510,226.78809
3511,226.79027
3512,226.79004
3513,226.7899
3514,226.78964
3515,226.78952
3516,226.78902
3517,226.78891
3518,226.78871
3519,226.78857
3520,226.787
3521,226.7843
3522,226.78531
3523,226.78711
3524,226.78683
3525,226.78632
3526,226.78609
3527,226.78568
3528,226.78546
3529,226.78537
3530,226.78523
3531,226.78487
3532,226.78459
3533,226.78444
3534,226.78424
3535,226.78403
3536,226.78355
3537,226.78377
3538,226.78357
3539,226.78314
3540,226.78325
3541,226.78264
3542,226.78233
3543,226.77861
3544,226.7792
3545,226.78098
3546,226.78255
3547,226.78436
3548,226.78636
3549,226.78813
3550,226.79004
3551,226.79227
3552,226.79422
3553,226.78055
3554,226.78223
3555,226.78412
3556,226.78607
3557,226.78818
3558,226.79042
3559,226.79272
3560,226.79318
3561,226.7943
3562,226.79643
3563,226.7983
3564,226.80002
3565,226.80205
3566,226.80022
3567,226.8018
3568,226.80374
3569,226.80577
3570,226.80788
3571,226.8099
3572,226.81198
3573,226.81403
3574,226.8158
3575,226.8178
3576,226.81956
3577,226.81532
3578,226.81493
3579,226.81473
3580,226.81436
3581,226.81421
3582,226.81404
3583,226.81332
3584,226.81297
3585,226.81282
3586,226.81287
3587,226.81264
3588,226.80826
3589,226.80725
3590,226.80708
3591,226.8067
3592,226.80612
3593,226.80562
3594,226.80551
3595,226.80515
3596,226.80486
3597,226.8046
3598,226.80443
3599,226.80405
3600,226.80363
3601,226.80232
3602,226.80185
3603,226.80014
3604,226.79935
3605,226.7991
3606,226.79866
3607,226.79819
3608,226.79836
3609,226.7981
3610,226.79555
3611,226.79623
3612,226.79588
3613,226.79552
3614,226.79527
3615,226.79501
3616,226.795
3617,226.79475
3618,226.79439
3619,226.7941
3620,226.79388
3621,226.79385
3622,226.79369
3623,226.79349
3624,226.79181
3625,226.79141
3626,226.79092
3627,226.79063
3628,226.7901
3629,226.78996
3630,226.79002
3631,226.78998
3632,226.78159
3633,226.78253
3634,226.78436
3635,226.78632
3636,226.7881
3637,226.78989
3638,226.79175
3639,226.79346
3640,226.7952
3641,226.79713
3642,226.79884
3643,226.80072
3644,226.80289
3645,226.80461
3646,226.80646
3647,226.80618
3648,226.80597
3649,226.80568
3650,226.80536
3651,226.8051
3652,226.80493
3653,226.80254
3654,226.80382
3655,226.80563
3656,226.80731
3657,226.80905
3658,226.81082
3659,226.81265
3660,226.81459
3661,226.81636
3662,226.8184
3663,226.82024
3664,226.82207
3665,226.82431
3666,226.82591
3667,226.82771
3668,226.82965
3669,226.82074
3670,226.82239
3671,226.82422
3672,226.82632
3673,226.82822
3674,226.82994
3675,226.83203
3676,226.83258
3677,226.83432
3678,226.83595
3679,226.83797
3680,226.8398
3681,226.8415
3682,226.84343
3683,226.84546
3684,226.84747
3685,226.84964
3686,226.85152
3687,226.85199
3688,226.8537
3689,226.85579
3690,226.85764
3691,226.85933
3692,226.86131
3693,226.85953
3694,226.86107
3695,226.86276
3696,226.86473
3697,226.86661
3698,226.8662
3699,226.86754
3700,226.86938
3701,226.87006
3702,226.87204
3703,226.87392
3704,226.87589
3705,226.8779
3706,226.87991
3707,226.88177
3708,226.88159
3709,226.88136
3710,226.88124
3711,226.88098
3712,226.88066
3713,226.88075
3714,226.8806
3715,226.87926
3716,226.8797
3717,226.8796
3718,226.87921
3719,226.87877
3720,226.87877
3721,226.87764
3722,226.87907
3723,226.88078
3724,226.88278
3725,226.88441
3726,226.88625
3727,226.88812
3728,226.8898
3729,226.89133
3730,226.89316
3731,226.89514
3732,226.89697
3733,226.89911
3734,226.90118
3735,226.90308
3736,226.90489
3737,226.90692
3738,226.90851
3739,226.9104
3740,226.91245
3741,226.91457
3742,226.9164
3743,226.91666
3744,226.91757
3745,226.91904
3746,226.91862
3747,226.91833
3748,226.91806
3749,226.91772
3750,226.91618
3751,226.91595
3752,226.91571
3753,226.91548
3754,226.91525
3755,226.9153
3756,226.91498
3757,226.91467
3758,226.91434
3759,226.91418
3760,226.91388
3761,226.91368
3762,226.91347
3763,226.8897
3764,226.88928
3765,226.8874
3766,226.88817
3767,226.88962
3768,226.89104
3769,226.89273
3770,226.89476
3771,226.89514
3772,226.89682
3773,226.89876
3774,226.90086
3775,226.90256
3776,226.90448
3777,226.90654
3778,226.90816
3779,226.90967
3780,226.91165
3781,226.91336
3782,226.91542
3783,226.9174
3784,226.91945
3785,226.92125
3786,226.91885
3787,226.92058
3788,226.91986
3789,226.92123
3790,226.92311
3791,226.92496
3792,226.92552
3793,226.92728
3794,226.92921
3795,226.93112
3796,226.93274
3797,226.93248
3798,226.93237
3799,226.93213
3800,226.93199
3801,226.93092
3802,226.9304
3803,226.93018
3804,226.93
3805,226.92989
3806,226.92906
3807,226.92862
3808,226.92848
3809,226.9282
3810,226.92656
3811,226.92572
3812,226.9258
3813,226.92415
3814,226.92378
3815,226.92336
3816,226.92325
3817,226.92311
3818,226.92258
3819,226.92245
3820,226.92238
3821,226.92206
3822,226.92175
3823,226.92168
3824,226.92133
3825,226.92102
3826,226.92079
3827,226.92065
3828,226.92036
3829,226.92009
3830,226.92024
3831,226.91986
3832,226.91664
3833,226.91614
3834,226.91763
3835,226.91908
3836,226.92079
3837,226.92271
3838,226.92422
3839,226.92331
3840,226.9249
3841,226.92685
3842,226.92859
3843,226.93028
3844,226.93228
3845,226.93433
3846,226.93607
3847,226.93802
3848,226.93994
3849,226.94186
3850,226.94371
3851,226.94556
3852,226.94736
3853,226.94913
3854,226.951
3855,226.94969
3856,226.94617
3857,226.94783
3858,226.94983
3859,226.95142
3860,226.95226
3861,226.95212
3862,226.95198
3863,226.95183
3864,226.9514
3865,226.95131
3866,226.95123
3867,226.95103
3868,226.9509
3869,226.95079
3870,226.95033
3871,226.94994
3872,226.94904
3873,226.94957
3874,226.94933
3875,226.94794
3876,226.94763
3877,226.946
3878,226.94725
3879,226.94241
3880,226.94403
3881,226.94559
3882,226.94516
3883,226.94492
3884,226.94464
3885,226.94443
3886,226.94406
3887,226.94406
3888,226.94371
3889,226.94347
3890,226.943
3891,226.94269
3892,226.94254
3893,226.94212
3894,226.94186
3895,226.94148
3896,226.93997
3897,226.93967
3898,226.9396
3899,226.93787
3900,226.939
3901,226.93971
3902,226.94127
3903,226.94295
3904,226.94475
3905,226.94678
3906,226.9485
3907,226.95024
3908,226.95229
3909,226.95383
3910,226.95537
3911,226.95699
3912,226.95886
3913,226.9607
3914,226.96239
3915,226.96425
3916,226.96593
3917,226.96654
3918,226.96837
3919,226.96992
3920,226.9715
3921,226.97343
3922,226.9738
3923,226.97537
3924,226.97723
3925,226.9791
3926,226.98071
3927,226.9824
3928,226.98418
3929,226.98567
3930,226.98717
3931,226.98894
3932,226.99077
3933,226.9925
3934,226.9942
3935,226.9959
3936,226.99763
3937,226.99947
3938,227.00128
3939,227.00133
3940,227.0009
3941,227.0006
3942,227.00056
3943,227.00043
3944,226.99821
3945,226.99754
3946,226.9974
3947,226.99702
3948,226.99684
3949,226.99638
3950,226.99586
3951,226.99562
3952,226.99527
3953,226.99527
3954,226.99503
3955,226.99501
3956,226.99498
3957,226.9948
3958,226.99463
3959,226.9933
3960,226.99309
3961,226.99298
3962,226.99266
3963,226.99242
3964,226.99251
3965,226.99062
3966,226.992
3967,226.99356
3968,226.99527
3969,226.99707
3970,226.99866
3971,227.00038
3972,226.99341
3973,226.99469
3974,226.99649
3975,226.9984
3976,227.00006
3977,227.00162
3978,227.00339
3979,227.00505
3980,227.0062
3981,227.00803
3982,227.00958
3983,227.0112
3984,227.01317
3985,227.01488
3986,227.01645
3987,227.01535
3988,227.01564
3989,227.01717
3990,227.01855
3991,227.0202
3992,227.02193
3993,227.02354
3994,227.02539
3995,227.02626
3996,227.02786
3997,227.02968
3998,227.0317
3999,227.03351
4000,227.03511
4001,227.03598
4002,227.03708
4003,227.03876
4004,227.04042
4005,227.04222
4006,227.04398
4007,227.04568
4008,227.04752
4009,227.04926
4010,227.04897
4011,227.05013
4012,227.05182
4013,227.05312
4014,227.05464
4015,227.05627
4016,227.05789
4017,227.05957
4018,227.06145
4019,227.06238
4020,227.06377
4021,227.06544
4022,227.06715
4023,227.0678
4024,227.06926
4025,227.069
4026,227.06844
4027,227.06812
4028,227.0682
4029,227.06612
4030,227.06584
4031,227.0656
4032,227.06543
4033,227.06444
4034,227.06567
4035,227.06708
4036,227.06877
4037,227.0704
4038,227.07184
4039,227.07341
4040,227.07504
4041,227.07675
4042,227.07817
4043,227.07596
4044,227.07608
4045,227.07758
4046,227.07935
4047,227.08073
4048,227.08224
4049,227.08408
4050,227.08589
4051,227.08754
4052,227.08934
4053,227.09123
4054,227.09303
4055,227.09251
4056,227.09357
4057,227.0952
4058,227.09683
4059,227.09845
4060,227.10019
4061,227.10178
4062,227.10341
4063,227.10516
4064,227.1069
4065,227.1072
4066,227.10846
4067,227.11002
4068,227.1117
4069,227.11327
4070,227.11511
4071,227.1168
4072,227.11852
4073,227.12048
4074,227.12202
4075,227.12352
4076,227.1254
4077,227.12723
4078,227.1266
4079,227.1278
4080,227.12949
4081,227.131
4082,227.13257
4083,227.13417
4084,227.13568
4085,227.13728
4086,227.13904
4087,227.14056
4088,227.14227
4089,227.1442
4090,227.14583
4091,227.14725
4092,227.14867
4093,227.1504
4094,227.15201
4095,227.15369
4096,227.15541
4097,227.15697
4098,227.15875
4099,227.15756
4100,227.15807
4101,227.15843
4102,227.15987
4103,227.16154
4104,227.16325
4105,227.1631
4106,227.16283
4107,227.16273
4108,227.16197
4109,227.16168
4110,227.16162
4111,227.16145
4112,227.16101
4113,227.16081
4114,227.1606
4115,227.16032
4116,227.15999
4117,227.16
4118,227.15993
4119,227.15956
4120,227.1594
4121,227.1593
4122,227.15903
4123,227.16034
4124,227.16202
4125,227.16377
4126,227.16518
4127,227.16676
4128,227.16855
4129,227.16875
4130,227.1704
4131,227.17218
4132,227.1738
4133,227.17534
4134,227.17706
4135,227.17885
4136,227.18034
4137,227.18195
4138,227.18376
4139,227.18529
4140,227.18704
4141,227.18874
4142,227.1901
4143,227.18996
4144,227.19112
4145,227.1927
4146,227.1941
4147,227.19562
4148,227.19716
4149,227.19896
4150,227.19936
4151,227.2007
4152,227.20229
4153,227.2038
4154,227.2054
4155,227.20709
4156,227.20876
4157,227.2103
4158,227.21175
4159,227.21347
4160,227.21487
4161,227.1969
4162,227.19849
4163,227.19995
4164,227.19765
4165,227.19893
4166,227.20059
4167,227.20221
4168,227.2037
4169,227.20549
4170,227.20709
4171,227.2069
4172,227.20815
4173,227.2097
4174,227.21107
4175,227.21252
4176,227.2142
4177,227.21587
4178,227.21736
4179,227.21872
4180,227.22034
4181,227.2217
4182,227.22307
4183,227.22275
4184,227.21837
4185,227.21837
4186,227.21658
4187,227.21684
4188,227.21815
4189,227.21964
4190,227.22113
4191,227.2225
4192,227.2235
4193,227.22536
4194,227.22687
4195,227.22838
4196,227.22989
4197,227.23155
4198,227.23288
4199,227.23227
4200,227.2319
4201,227.23071
4202,227.23009
4203,227.22963
4204,227.22943
4205,227.22913
4206,227.22887
4207,227.22841
4208,227.22836
4209,227.22707
4210,227.22675
4211,227.2261
4212,227.22574
4213,227.22517
4214,227.22482
4215,227.22455
4216,227.22404
4217,227.22383
4218,227.22359
4219,227.22353
4220,227.22334
4221,227.22313
4222,227.22302
4223,227.22272
4224,227.2225
4225,227.22235
4226,227.22208
4227,227.22153
4228,227.22119
4229,227.22
4230,227.21913
4231,227.22002
4232,227.22119
4233,227.22278
4234,227.22108
4235,227.22063
4236,227.2203
4237,227.2201
4238,227.21973
4239,227.21944
4240,227.21933
4241,227.21907
4242,227.21854
4243,227.21811
4244,227.21782
4245,227.2174
4246,227.21706
4247,227.21672
4248,227.21664
4249,227.21634
4250,227.21599
4251,227.21567
4252,227.21486
4253,227.21231
4254,227.21245
4255,227.21208
4256,227.21164
4257,227.21133
4258,227.21086
4259,227.21059
4260,227.2101
4261,227.20966
4262,227.20914
4263,227.2088
4264,227.20865
4265,227.20847
4266,227.2083
4267,227.20796
4268,227.20769
4269,227.2072
4270,227.207
4271,227.2066
4272,227.20648
4273,227.20644
4274,227.2063
4275,227.20627
4276,227.20021
4277,227.20163
4278,227.20294
4279,227.20422
4280,227.2055
4281,227.20714
4282,227.20857
4283,227.20988
4284,227.21143
4285,227.21277
4286,227.2144
4287,227.21596
4288,227.21745
4289,227.2188
4290,227.22015
4291,227.22173
4292,227.22316
4293,227.22476
4294,227.22644
4295,227.22795
4296,227.22656
4297,227.2273
4298,227.22864
4299,227.2298
4300,227.22806
4301,227.22682
4302,227.22636
4303,227.22575
4304,227.22531
4305,227.22519
4306,227.2246
4307,227.2241
4308,227.22398
4309,227.22392
4310,227.2235
4311,227.22319
4312,227.2231
4313,227.22293
4314,227.22269
4315,227.22217
4316,227.2218
4317,227.22035
4318,227.21841
4319,227.21896
4320,227.22037
4321,227.22183
4322,227.22316
4323,227.22461
4324,227.226
4325,227.22731
4326,227.22893
4327,227.23036
4328,227.232
4329,227.23369
4330,227.23524
4331,227.23697
4332,227.23866
4333,227.24033
4334,227.2417
4335,227.24327
4336,227.24496
4337,227.24638
4338,227.24689
4339,227.24655
4340,227.24564
4341,227.2445
4342,227.24538
4343,227.24695
4344,227.24818
4345,227.24806
4346,227.24785
4347,227.24757
4348,227.24731
4349,227.24696
4350,227.24698
4351,227.24689
4352,227.24654
4353,227.24606
4354,227.24588
4355,227.24553
4356,227.24527
4357,227.24512
4358,227.24504
4359,227.24347
4360,227.24327
4361,227.24323
4362,227.24303
4363,227.23976
4364,227.24057
4365,227.24211
4366,227.24347
4367,227.24467
4368,227.24437
4369,227.24388
4370,227.24304
4371,227.24272
4372,227.24251
4373,227.24217
4374,227.24171
4375,227.24135
4376,227.2412
4377,227.24103
4378,227.24084
4379,227.24069
4380,227.24031
4381,227.2401
4382,227.2398
4383,227.23952
4384,227.23914
4385,227.23752
4386,227.23824
4387,227.23933
4388,227.24086
4389,227.24234
4390,227.24399
4391,227.24535
4392,227.24669
4393,227.24806
4394,227.24933
4395,227.25072
4396,227.25206
4397,227.25366
4398,227.25517
4399,227.25659
4400,227.25818
4401,227.2572
4402,227.2568
4403,227.25633
4404,227.25595
4405,227.25562
4406,227.25508
4407,227.25493
4408,227.25465
4409,227.25577
4410,227.25706
4411,227.2585
4412,227.25981
4413,227.261
4414,227.26242
4415,227.26376
4416,227.2617
4417,227.2631
4418,227.26466
4419,227.26617
4420,227.2677
4421,227.26924
4422,227.26949
4423,227.27074
4424,227.27214
4425,227.27365
4426,227.27498
4427,227.2762
4428,227.27771
4429,227.27927
4430,227.27893
4431,227.27982
4432,227.2813
4433,227.2825
4434,227.28377
4435,227.28525
4436,227.28651
4437,227.28754
4438,227.28719
4439,227.28679
4440,227.2742
4441,227.27391
4442,227.2737
4443,227.27242
4444,227.27199
4445,227.27165
4446,227.27135
4447,227.2711
4448,227.27092
4449,227.2707
4450,227.27025
4451,227.26982
4452,227.26605
4453,227.26639
4454,227.26598
4455,227.2656
4456,227.26509
4457,227.26462
4458,227.26419
4459,227.26378
4460,227.26355
4461,227.2634
4462,227.25562
4463,227.254
4464,227.25351
4465,227.2533
4466,227.25291
4467,227.25261
4468,227.25264
4469,227.2539
4470,227.25525
4471,227.25662
4472,227.25813
4473,227.25763
4474,227.25879
4475,227.26024
4476,227.26172
4477,227.26315
4478,227.26445
4479,227.26477
4480,227.26437
4481,227.26393
4482,227.26381
4483,227.2633
4484,227.26192
4485,227.26141
4486,227.26146
4487,227.26105
4488,227.26077
4489,227.26062
4490,227.26013
4491,227.25934
4492,227.25882
4493,227.25856
4494,227.25827
4495,227.25616
4496,227.25569
4497,227.25494
4498,227.25375
4499,227.25342
4500,227.2532
4501,227.25212
4502,227.25153
4503,227.25098
4504,227.25092
4505,227.25041
4506,227.25017
4507,227.24995
4508,227.24973
4509,227.2495
4510,227.24927
4511,227.24893
4512,227.24852
4513,227.24821
4514,227.2479
4515,227.24779
4516,227.24744
4517,227.24568
4518,227.24529
4519,227.24483
4520,227.24364
4521,227.2445
4522,227.24542
4523,227.24686
4524,227.24602
4525,227.24585
4526,227.24692
4527,227.24828
4528,227.2497
4529,227.25108
4530,227.25247
4531,227.25372
4532,227.25504
4533,227.25653
4534,227.25793
4535,227.25935
4536,227.26096
4537,227.26224
4538,227.26349
4539,227.26492
4540,227.26288
4541,227.26228
4542,227.2617
4543,227.26144
4544,227.26114
4545,227.26076
4546,227.25943
4547,227.25865
4548,227.25827
4549,227.25798
4550,227.25777
4551,227.25755
4552,227.2571
4553,227.25679
4554,227.25674
4555,227.24522
4556,227.2448
4557,227.2445
4558,227.2444
4559,227.24411
4560,227.24219
4561,227.24316
4562,227.24474
4563,227.24593
4564,227.2456
4565,227.24547
4566,227.24501
4567,227.24341
4568,227.24306
4569,227.24286
4570,227.24258
4571,227.24232
4572,227.24222
4573,227.24216
4574,227.24184
4575,227.24153
4576,227.24103
4577,227.24084
4578,227.24043
4579,227.23996
4580,227.23997
4581,227.23973
4582,227.23755
4583,227.23822
4584,227.238
4585,227.23769
4586,227.23715
4587,227.2357
4588,227.23538
4589,227.23505
4590,227.23453
4591,227.23442
4592,227.23431
4593,227.23402
4594,227.23355
4595,227.23318
4596,227.23274
4597,227.23239
4598,227.23201
4599,227.23166
4600,227.23132
4601,227.23
4602,227.22992
4603,227.22974
4604,227.22763
4605,227.22836
4606,227.22948
4607,227.23058
4608,227.23087
4609,227.23233
4610,227.23387
4611,227.2352
4612,227.2367
4613,227.23816
4614,227.23964
4615,227.24092
4616,227.24237
4617,227.24393
4618,227.24521
4619,227.24673
4620,227.24821
4621,227.24797
4622,227.24774
4623,227.24767
4624,227.24744
4625,227.24712
4626,227.24686
4627,227.24605
4628,227.24716
4629,227.24545
4630,227.24516
4631,227.24498
4632,227.2449
4633,227.24461
4634,227.23119
4635,227.23058
4636,227.2302
4637,227.22981
4638,227.2297
4639,227.22942
4640,227.22934
4641,227.22914
4642,227.2291
4643,227.22871
4644,227.22855
4645,227.22842
4646,227.22725
4647,227.22678
4648,227.22511
4649,227.22453
4650,227.22327
4651,227.22289
4652,227.22264
4653,227.22235
4654,227.22177
4655,227.2213
4656,227.22102
4657,227.2209
4658,227.2205
4659,227.22002
4660,227.21979
4661,227.21956
4662,227.21922
4663,227.21878
4664,227.2186
4665,227.21823
4666,227.21776
4667,227.21759
4668,227.21742
4669,227.21698
4670,227.21477
4671,227.21527
4672,227.2165
4673,227.21782
4674,227.21902
4675,227.22017
4676,227.2213
4677,227.22252
4678,227.22401
4679,227.22536
4680,227.22667
4681,227.22816
4682,227.22958
4683,227.23091
4684,227.23221
4685,227.23363
4686,227.23485
4687,227.2362
4688,227.23782
4689,227.2391
4690,227.24045
4691,227.24171
4692,227.24289
4693,227.2423
4694,227.2432
4695,227.24457
4696,227.24588
4697,227.2472
4698,227.24858
4699,227.24994
4700,227.25151
4701,227.25201
4702,227.25356
4703,227.25484
4704,227.25626
4705,227.2578
4706,227.25897
4707,227.26036
4708,227.26172
4709,227.2632
4710,227.26472
4711,227.26616
4712,227.26773
4713,227.26819
4714,227.26956
4715,227.27104
4716,227.26955
4717,227.2707
4718,227.2722
4719,227.27211
4720,227.27168
4721,227.2713
4722,227.27106
4723,227.27077
4724,227.27045
4725,227.27011
4726,227.27
4727,227.26965
4728,227.26938
4729,227.26936
4730,227.2692
4731,227.26881
4732,227.26842
4733,227.26839
4734,227.26675
4735,227.26645
4736,227.2662
4737,227.26578
4738,227.26389
4739,227.26416
4740,227.26483
4741,227.26575
4742,227.26665
4743,227.26724
4744,227.26826
4745,227.26807
4746,227.26752
4747,227.26714
4748,227.26697
4749,227.26651
4750,227.26595
4751,227.26553
4752,227.26521
4753,227.26482
4754,227.26324
4755,227.26292
4756,227.26256
4757,227.26218
4758,227.2618
4759,227.2616
4760,227.25963
4761,227.26022
4762,227.26146
4763,227.26105
4764,227.26065
4765,227.26022
4766,227.26015
4767,227.25974
4768,227.25938
4769,227.25934
4770,227.25908
4771,227.25874
4772,227.25832
4773,227.25807
4774,227.25768
4775,227.25636
4776,227.25607
4777,227.25597
4778,227.2557
4779,227.25517
4780,227.25504
4781,227.25487
4782,227.25256
4783,227.25313
4784,227.25415
4785,227.25491
4786,227.25577
4787,227.25703
4788,227.25821
4789,227.25943
4790,227.2607
4791,227.26233
4792,227.26341
4793,227.26476
4794,227.2662
4795,227.26746
4796,227.26782
4797,227.2691
4798,227.2701
4799,227.27138
4800,227.27277
4801,227.27275
4802,227.27225
4803,227.27185
4804,227.27164
4805,227.27065
4806,227.2715
4807,227.27101
4808,227.27045
4809,227.25879
4810,227.26201
4811,227.2616
4812,227.26147
4813,227.26122
4814,227.26083
4815,227.26053
4816,227.26027
4817,227.25874
4818,227.25815
4819,227.2577
4820,227.25758
4821,227.25734
4822,227.257
4823,227.25687
4824,227.25655
4825,227.2564
4826,227.25468
4827,227.25497
4828,227.25583
4829,227.25691
4830,227.25835
4831,227.25867
4832,227.25554
4833,227.25682
4834,227.25804
4835,227.25928
4836,227.26047
4837,227.26187
4838,227.26288
4839,227.26413
4840,227.2654
4841,227.26671
4842,227.26796
4843,227.26929
4844,227.27075
4845,227.27216
4846,227.2736
4847,227.27498
4848,227.27623
4849,227.27567
4850,227.27666
4851,227.27812
4852,227.27957
4853,227.28098
4854,227.28261
4855,227.28392
4856,227.27269
4857,227.27408
4858,227.27542
4859,227.27516
4860,227.27673
4861,227.27821
4862,227.2794
4863,227.28064
4864,227.28189
4865,227.28354
4866,227.28473
4867,227.28587
4868,227.28719
4869,227.28862
4870,227.28728
4871,227.28801
4872,227.28943
4873,227.29077
4874,227.29216
4875,227.2937
4876,227.29523
4877,227.29645
4878,227.29779
4879,227.29219
4880,227.29239
4881,227.29381
4882,227.29526
4883,227.29643
4884,227.29776
4885,227.29924
4886,227.30057
4887,227.30179
4888,227.30301
4889,227.30455
4890,227.30411
4891,227.30368
4892,227.30351
4893,227.30359
4894,227.303
4895,227.30272
4896,227.30255
4897,227.30228
4898,227.30191
4899,227.30159
4900,227.3027
4901,227.30196
4902,227.3031
4903,227.30426
4904,227.30547
4905,227.3069
4906,227.30812
4907,227.30934
4908,227.31055
4909,227.31186
4910,227.31325
4911,227.31445
4912,227.31572
4913,227.31706
4914,227.31824
4915,227.31784
4916,227.31856
4917,227.31984
4918,227.32094
4919,227.32214
4920,227.32353
4921,227.32483
4922,227.32529
4923,227.32661
4924,227.32805
4925,227.32903
4926,227.33038
4927,227.33182
4928,227.33304
4929,227.33441
4930,227.33603
4931,227.3373
4932,227.33873
4933,227.34001
4934,227.34138
4935,227.34274
4936,227.34409
4937,227.34541
4938,227.34468
4939,227.34546
4940,227.34686
4941,227.34813
4942,227.34941
4943,227.35066
4944,227.35205
4945,227.35329
4946,227.35455
4947,227.35579
4948,227.35695
4949,227.35822
4950,227.35974
4951,227.36102
4952,227.36234
4953,227.36359
4954,227.36502
4955,227.36626
4956,227.36745
4957,227.36862
4958,227.36981
4959,227.37096
4960,227.37227
4961,227.37178
4962,227.37292
4963,227.37401
4964,227.37535
4965,227.37546
4966,227.3757
4967,227.38005
4968,227.38124
4969,227.38257
4970,227.38387
4971,227.38522
4972,227.38638
4973,227.38776
4974,227.37885
4975,227.3801
4976,227.3814
4977,227.38278
4978,227.38425
4979,227.3856
4980,227.38689
4981,227.38814
4982,227.38957
4983,227.38785
4984,227.38846
4985,227.38956
4986,227.38971
4987,227.39087
4988,227.39214
4989,227.39339
4990,227.39455
4991,227.39586
4992,227.39714
4993,227.39839
4994,227.39963
4995,227.4009
4996,227.40201
4997,227.40015
4998,227.40166
4999,227.40288
